question,answer,contexts,ground_truths
What is the purpose of the document mentioned in the context?,I don't know.,"['Sections\n2.06\n,\neach\nof\nthe\nparties\nto\nthis \nAgreement,\nby\nits\nexecution\nhereof,\n(i)\nhereby\nirrevocably\nsubmits\nto\nthe\nexclusive\njurisdiction \nof\nthe\nstate\ncourts\nlocated\nin\nWilmington,\nDelaware\nor\nthe\ncourts\nof\nthe\nUnited\nStates\nlocated\nin \nWilmington,\nDelaware\nfor\nthe\npurpose\nof\nany\nAction\namong\nany\nof\nthe\nparties\nrelating\nto\nor \narising\nin\nwhole\nor\nin\npart\nunder\nor\nin\nconnection\nwith\nthis\nAgreement,\nany\nAncillary\nAgreement \nor\nthe'
 'solely\nfor\nthe\npurpose\nof\nenforcing\nan\norder\nor\njudgment\nissued\nby\none \nof\nthe\nabove-named\ncourts.\n(b)\nVenue\n.\nEach\nof\nthe\nparties\nto\nthis\nAgreement\nagrees\nthat\nfor\nany\nAction\namong \nany\nof\nthe\nparties\nrelating\nto\nor\narising\nin\nwhole\nor\nin\npart\nunder\nor\nin\nconnection\nwith\nthis \nAgreement,\nany\nAncillary\nAgreement\nor\nthe\nContemplated\nTransactions,\nsuch\nparty\nshall\nbring \nsuch\nAction\nonly\nin\nthe\nState\nof\nDelaware.\nNotwithstanding\nthe\nprevious'
 'NAMED\nHEREIN\nDated\nas\nof\n[●]\n[This\ndocument\nis\nintended\nsolely\nto\nfacilitate\ndiscussions\namong\nthe\nparties\nidentified\nherein. \nNeither\nthis\ndocument\nnor\nsuch\ndiscussions\nare\nintended\nto\ncreate,\nnor\nwill\neither\nor\nboth\nbe \ndeemed\nto\ncreate,\na\nlegally'
 'solely\nto\nfacilitate\ndiscussions\namong\nthe\nparties\nidentified\nherein. \nNeither\nthis\ndocument\nnor\nsuch\ndiscussions\nare\nintended\nto\ncreate,\nnor\nwill\neither\nor\nboth\nbe \ndeemed\nto\ncreate,\na\nlegally\nbinding\nor\nenforceable\noffer\nor\nagreement\nof\nany\ntype'
 'identified\nherein. \nNeither\nthis\ndocument\nnor\nsuch\ndiscussions\nare\nintended\nto\ncreate,\nnor\nwill\neither\nor\nboth\nbe \ndeemed\nto\ncreate,\na\nlegally\nbinding\nor\nenforceable\noffer\nor\nagreement\nof\nany\ntype\nor\nnature, \nunless\nand\nuntil\na\ndefinitive\nwritten']","[""The purpose of the document is to outline the terms and conditions of a stock purchase transaction between the buyer, the target company, and the sellers listed in the agreement. It serves as a legally binding contract that specifies the obligations and rights of all parties involved in the sale and purchase of the company's stock.""]"
Who are the parties identified in the document?,I don't know.,"['Section\nIV.10\nSpecific\nPerformance\n.\nEach\nof\nthe\nparties\nacknowledges\nand\nagrees\nthat \nthe\nother\nparties\nwould\nbe\ndamaged\nirreparably\nin\nthe\nevent\nany\nof\nthe\nprovisions\nof\nthis \nAgreement\nare\nnot\nperformed\nin\naccordance\nwith\ntheir\nspecific\nterms\nor\notherwise\nare\nbreached \nor\nviolated.\nAccordingly ,\neach\nof\nthe\nparties\nagrees\nthat,\nwithout\nposting\na\nbond\nor\nother \nundertaking,\nthe\nother\nparties\nwill\nbe\nentitled\nto\nan\ninjunction\nor\ninjunctions\nto'
 'and\nlicenses\ngranted\nin\nthe\nOutbound\nIP\nContracts\nidentified\non \nSchedule\n3.11(f)\nand\nthe\nCompany\nis\nthe\nowner\nof\nrecord\nof\nall\nCompany\nRegistrations;\nand\n(ii)\nno\nCompany\nRegistration\nis\nsubject\nto\nany\noutstanding\nGovernment\nOrder ,\nand\nno \nAction\n(including\nany\nopposition,\ncancellation,\ninterference,\ninter\nparties\nreview ,\nor \nre-examination)\nis\npending\nor\nthreatened,\nthat\nchallenges\nthe\nlegality ,\nvalidity ,\nenforceability ,\nuse, \nscope\nor'
 'solely\nto\nfacilitate\ndiscussions\namong\nthe\nparties\nidentified\nherein. \nNeither\nthis\ndocument\nnor\nsuch\ndiscussions\nare\nintended\nto\ncreate,\nnor\nwill\neither\nor\nboth\nbe \ndeemed\nto\ncreate,\na\nlegally\nbinding\nor\nenforceable\noffer\nor\nagreement\nof\nany\ntype'
 'NAMED\nHEREIN\nDated\nas\nof\n[●]\n[This\ndocument\nis\nintended\nsolely\nto\nfacilitate\ndiscussions\namong\nthe\nparties\nidentified\nherein. \nNeither\nthis\ndocument\nnor\nsuch\ndiscussions\nare\nintended\nto\ncreate,\nnor\nwill\neither\nor\nboth\nbe \ndeemed\nto\ncreate,\na\nlegally'
 'parties\nacknowledges\nand\nagrees\nthat \nthe\nother\nparties\nwould\nbe\ndamaged\nirreparably\nin\nthe\nevent\nany\nof\nthe\nprovisions\nof\nthis \nAgreement\nare\nnot\nperformed\nin\naccordance\nwith\ntheir\nspecific\nterms\nor\notherwise\nare\nbreached \nor\nviolated.']","[""The parties identified in the document are the Buyer, the Target Company, the Sellers listed on Schedule I, and the Sellers' Representative.""]"
What is the purpose of this document and the discussions it facilitates?,"The purpose of this document and the discussions it facilitates is to facilitate discussions among the parties identified herein, but not to create a legally binding or enforceable offer or agreement of any type.","['[R&G\nDraft\n12.__.2021]\nSTOCK\nPURCHASE\nAGREEMENT\nBY\nAND\nAMONG\n[BUYER],\n[TARGET\nCOMP ANY],\nTHE\nSELLERS\nLISTED\nON\nSCHEDULE\nI\nHERET O\nAND\nTHE\nSELLERS’\nREPRESENT ATIVE\nNAMED\nHEREIN\nDated\nas\nof\n[●]\n[This\ndocument\nis\nintended\nsolely\nto\nfacilitate\ndiscussions\namong\nthe\nparties\nidentified\nherein. \nNeither\nthis\ndocument\nnor\nsuch\ndiscussions\nare\nintended\nto\ncreate,\nnor\nwill\neither\nor\nboth\nbe \ndeemed\nto\ncreate,\na\nlegally\nbinding\nor\nenforceable\noffer\nor'
 'or\nby\nreason\nof\nthis\nAgreement.\nSection\nIV.03\nAmendments\nand\nWaivers\n.\nNo\namendment\nor\nwaiver\nof\nany\nprovision\nof \nthis\nAgreement\nwill\nbe\nvalid\nand\nbinding\nunless\nit\nis\nin\nwriting\nand\nsigned,\nin\nthe\ncase\nof\nan \namendment,\nby\nParent,\nthe\nCompany\nand\nthe\nSellers’\nRepresentative\n(acting\nfor\nall\nof\nthe \nSellers),\nor\nin\nthe\ncase\nof\na\nwaiver ,\nby\nthe\nparty\n(or\nin\nthe\ncase\nof\nany\nor\nall\nof\nthe\nSellers,\nby\nthe \nSellers’\nRepresentative)\nagainst\nwhom\nthe'
 'solely\nto\nfacilitate\ndiscussions\namong\nthe\nparties\nidentified\nherein. \nNeither\nthis\ndocument\nnor\nsuch\ndiscussions\nare\nintended\nto\ncreate,\nnor\nwill\neither\nor\nboth\nbe \ndeemed\nto\ncreate,\na\nlegally\nbinding\nor\nenforceable\noffer\nor\nagreement\nof\nany\ntype'
 'NAMED\nHEREIN\nDated\nas\nof\n[●]\n[This\ndocument\nis\nintended\nsolely\nto\nfacilitate\ndiscussions\namong\nthe\nparties\nidentified\nherein. \nNeither\nthis\ndocument\nnor\nsuch\ndiscussions\nare\nintended\nto\ncreate,\nnor\nwill\neither\nor\nboth\nbe \ndeemed\nto\ncreate,\na\nlegally'
 'identified\nherein. \nNeither\nthis\ndocument\nnor\nsuch\ndiscussions\nare\nintended\nto\ncreate,\nnor\nwill\neither\nor\nboth\nbe \ndeemed\nto\ncreate,\na\nlegally\nbinding\nor\nenforceable\noffer\nor\nagreement\nof\nany\ntype\nor\nnature, \nunless\nand\nuntil\na\ndefinitive\nwritten']","[""The purpose of this document is to serve as a preliminary agreement or understanding that outlines the intent of the parties involved to engage in discussions regarding a potential transaction or agreement. It is likely used to set the groundwork for negotiations between the seller's representative and other identified parties. The document is not legally binding but is intended to guide the discussions and ensure that all parties are on the same page regarding the terms to be discussed.""]"
What is the purpose of this document?,I don't know,"['Sections\n2.06\n,\neach\nof\nthe\nparties\nto\nthis \nAgreement,\nby\nits\nexecution\nhereof,\n(i)\nhereby\nirrevocably\nsubmits\nto\nthe\nexclusive\njurisdiction \nof\nthe\nstate\ncourts\nlocated\nin\nWilmington,\nDelaware\nor\nthe\ncourts\nof\nthe\nUnited\nStates\nlocated\nin \nWilmington,\nDelaware\nfor\nthe\npurpose\nof\nany\nAction\namong\nany\nof\nthe\nparties\nrelating\nto\nor \narising\nin\nwhole\nor\nin\npart\nunder\nor\nin\nconnection\nwith\nthis\nAgreement,\nany\nAncillary\nAgreement \nor\nthe'
 'solely\nfor\nthe\npurpose\nof\nenforcing\nan\norder\nor\njudgment\nissued\nby\none \nof\nthe\nabove-named\ncourts.\n(b)\nVenue\n.\nEach\nof\nthe\nparties\nto\nthis\nAgreement\nagrees\nthat\nfor\nany\nAction\namong \nany\nof\nthe\nparties\nrelating\nto\nor\narising\nin\nwhole\nor\nin\npart\nunder\nor\nin\nconnection\nwith\nthis \nAgreement,\nany\nAncillary\nAgreement\nor\nthe\nContemplated\nTransactions,\nsuch\nparty\nshall\nbring \nsuch\nAction\nonly\nin\nthe\nState\nof\nDelaware.\nNotwithstanding\nthe\nprevious'
 'NAMED\nHEREIN\nDated\nas\nof\n[●]\n[This\ndocument\nis\nintended\nsolely\nto\nfacilitate\ndiscussions\namong\nthe\nparties\nidentified\nherein. \nNeither\nthis\ndocument\nnor\nsuch\ndiscussions\nare\nintended\nto\ncreate,\nnor\nwill\neither\nor\nboth\nbe \ndeemed\nto\ncreate,\na\nlegally'
 'solely\nto\nfacilitate\ndiscussions\namong\nthe\nparties\nidentified\nherein. \nNeither\nthis\ndocument\nnor\nsuch\ndiscussions\nare\nintended\nto\ncreate,\nnor\nwill\neither\nor\nboth\nbe \ndeemed\nto\ncreate,\na\nlegally\nbinding\nor\nenforceable\noffer\nor\nagreement\nof\nany\ntype'
 'identified\nherein. \nNeither\nthis\ndocument\nnor\nsuch\ndiscussions\nare\nintended\nto\ncreate,\nnor\nwill\neither\nor\nboth\nbe \ndeemed\nto\ncreate,\na\nlegally\nbinding\nor\nenforceable\noffer\nor\nagreement\nof\nany\ntype\nor\nnature, \nunless\nand\nuntil\na\ndefinitive\nwritten']",['The purpose of this document is to serve as a preliminary discussion tool among the parties named within. It is not intended to create any legal obligations or to be deemed as a legally binding contract.']
What is the purpose of this document and the discussions mentioned?,"The purpose of this document and the discussions mentioned is to facilitate discussions among the parties identified, but not to create a legally binding or enforceable offer or agreement unless a definitive written agreement is executed and delivered by each party.","['[R&G\nDraft\n12.__.2021]\nSTOCK\nPURCHASE\nAGREEMENT\nBY\nAND\nAMONG\n[BUYER],\n[TARGET\nCOMP ANY],\nTHE\nSELLERS\nLISTED\nON\nSCHEDULE\nI\nHERET O\nAND\nTHE\nSELLERS’\nREPRESENT ATIVE\nNAMED\nHEREIN\nDated\nas\nof\n[●]\n[This\ndocument\nis\nintended\nsolely\nto\nfacilitate\ndiscussions\namong\nthe\nparties\nidentified\nherein. \nNeither\nthis\ndocument\nnor\nsuch\ndiscussions\nare\nintended\nto\ncreate,\nnor\nwill\neither\nor\nboth\nbe \ndeemed\nto\ncreate,\na\nlegally\nbinding\nor\nenforceable\noffer\nor'
 'or\nboth\nbe \ndeemed\nto\ncreate,\na\nlegally\nbinding\nor\nenforceable\noffer\nor\nagreement\nof\nany\ntype\nor\nnature, \nunless\nand\nuntil\na\ndefinitive\nwritten\nagreement\nis\nexecuted\nand\ndelivered\nby\neach\nof\nthe\nparties \nhereto.\nThis\ndocument\nshall\nbe\nkept\nconfidential\npursuant\nto\nthe\nterms\nof\nthe\nConfidentiality \nAgreement\nentered\ninto\nby\nthe\nparties\nand,\nif\napplicable,\nits\naffiliates\nwith\nrespect\nto\nthe\nsubject \nmatter\nhereof.]\n112923184_5'
 'solely\nto\nfacilitate\ndiscussions\namong\nthe\nparties\nidentified\nherein. \nNeither\nthis\ndocument\nnor\nsuch\ndiscussions\nare\nintended\nto\ncreate,\nnor\nwill\neither\nor\nboth\nbe \ndeemed\nto\ncreate,\na\nlegally\nbinding\nor\nenforceable\noffer\nor\nagreement\nof\nany\ntype'
 'NAMED\nHEREIN\nDated\nas\nof\n[●]\n[This\ndocument\nis\nintended\nsolely\nto\nfacilitate\ndiscussions\namong\nthe\nparties\nidentified\nherein. \nNeither\nthis\ndocument\nnor\nsuch\ndiscussions\nare\nintended\nto\ncreate,\nnor\nwill\neither\nor\nboth\nbe \ndeemed\nto\ncreate,\na\nlegally'
 'identified\nherein. \nNeither\nthis\ndocument\nnor\nsuch\ndiscussions\nare\nintended\nto\ncreate,\nnor\nwill\neither\nor\nboth\nbe \ndeemed\nto\ncreate,\na\nlegally\nbinding\nor\nenforceable\noffer\nor\nagreement\nof\nany\ntype\nor\nnature, \nunless\nand\nuntil\na\ndefinitive\nwritten']","['The purpose of this document is to serve as a facilitator for discussions between the identified parties. It clarifies that the document itself, as well as the discussions that it is meant to facilitate, are not intended to create a legally binding or enforceable offer or agreement of any type.']"
What is the intention of the document and the discussions mentioned in the context?,"Answer: The intention of the document and discussions mentioned in the context is solely to facilitate discussions among the parties identified, and not to create a legally binding or enforceable offer or agreement.","['[R&G\nDraft\n12.__.2021]\nSTOCK\nPURCHASE\nAGREEMENT\nBY\nAND\nAMONG\n[BUYER],\n[TARGET\nCOMP ANY],\nTHE\nSELLERS\nLISTED\nON\nSCHEDULE\nI\nHERET O\nAND\nTHE\nSELLERS’\nREPRESENT ATIVE\nNAMED\nHEREIN\nDated\nas\nof\n[●]\n[This\ndocument\nis\nintended\nsolely\nto\nfacilitate\ndiscussions\namong\nthe\nparties\nidentified\nherein. \nNeither\nthis\ndocument\nnor\nsuch\ndiscussions\nare\nintended\nto\ncreate,\nnor\nwill\neither\nor\nboth\nbe \ndeemed\nto\ncreate,\na\nlegally\nbinding\nor\nenforceable\noffer\nor'
 'the\ncourt \nmaking\nthe\ndetermination\nof\ninvalidity\nor\nunenforceability\nwill\nhave\nthe\npower\nto\nreduce\nthe \nscope,\nduration,\nor\narea\nof\nthe\nterm\nor\nprovision,\nto\ndelete\nor\nmodify\nspecific\nwords\nor\nphrases,\nor \nto\nreplace\nany\ninvalid\nor\nunenforceable\nterm\nor\nprovision\nwith\na\nterm\nor\nprovision\nthat\nis\nvalid \nand\nenforceable\nand\nthat\ncomes\nclosest\nto\nexpressing\nthe\nintention\nof\nthe\ninvalid\nor\nunenforceable \nterm\nor\nprovision,\nand\nthis\nAgreement\nwill'
 'solely\nto\nfacilitate\ndiscussions\namong\nthe\nparties\nidentified\nherein. \nNeither\nthis\ndocument\nnor\nsuch\ndiscussions\nare\nintended\nto\ncreate,\nnor\nwill\neither\nor\nboth\nbe \ndeemed\nto\ncreate,\na\nlegally\nbinding\nor\nenforceable\noffer\nor\nagreement\nof\nany\ntype'
 'NAMED\nHEREIN\nDated\nas\nof\n[●]\n[This\ndocument\nis\nintended\nsolely\nto\nfacilitate\ndiscussions\namong\nthe\nparties\nidentified\nherein. \nNeither\nthis\ndocument\nnor\nsuch\ndiscussions\nare\nintended\nto\ncreate,\nnor\nwill\neither\nor\nboth\nbe \ndeemed\nto\ncreate,\na\nlegally'
 'identified\nherein. \nNeither\nthis\ndocument\nnor\nsuch\ndiscussions\nare\nintended\nto\ncreate,\nnor\nwill\neither\nor\nboth\nbe \ndeemed\nto\ncreate,\na\nlegally\nbinding\nor\nenforceable\noffer\nor\nagreement\nof\nany\ntype\nor\nnature, \nunless\nand\nuntil\na\ndefinitive\nwritten']",['The intention of the document and the discussions mentioned in the context is to clarify that neither the document itself nor the discussions that have taken place are meant to constitute a legally binding or enforceable offer or agreement of any type or nature. This will only occur when a definitive written agreement has been executed by the relevant parties.']
"According to the context, when will discussions be deemed to create a legally binding offer or agreement?",Discussions will be deemed to create a legally binding offer or agreement only when a definitive written agreement is executed and delivered by each of the parties.,"['or\nboth\nbe \ndeemed\nto\ncreate,\na\nlegally\nbinding\nor\nenforceable\noffer\nor\nagreement\nof\nany\ntype\nor\nnature, \nunless\nand\nuntil\na\ndefinitive\nwritten\nagreement\nis\nexecuted\nand\ndelivered\nby\neach\nof\nthe\nparties \nhereto.\nThis\ndocument\nshall\nbe\nkept\nconfidential\npursuant\nto\nthe\nterms\nof\nthe\nConfidentiality \nAgreement\nentered\ninto\nby\nthe\nparties\nand,\nif\napplicable,\nits\naffiliates\nwith\nrespect\nto\nthe\nsubject \nmatter\nhereof.]\n112923184_5'
 '[R&G\nDraft\n12.__.2021]\nSTOCK\nPURCHASE\nAGREEMENT\nBY\nAND\nAMONG\n[BUYER],\n[TARGET\nCOMP ANY],\nTHE\nSELLERS\nLISTED\nON\nSCHEDULE\nI\nHERET O\nAND\nTHE\nSELLERS’\nREPRESENT ATIVE\nNAMED\nHEREIN\nDated\nas\nof\n[●]\n[This\ndocument\nis\nintended\nsolely\nto\nfacilitate\ndiscussions\namong\nthe\nparties\nidentified\nherein. \nNeither\nthis\ndocument\nnor\nsuch\ndiscussions\nare\nintended\nto\ncreate,\nnor\nwill\neither\nor\nboth\nbe \ndeemed\nto\ncreate,\na\nlegally\nbinding\nor\nenforceable\noffer\nor'
 'discussions\nare\nintended\nto\ncreate,\nnor\nwill\neither\nor\nboth\nbe \ndeemed\nto\ncreate,\na\nlegally\nbinding\nor\nenforceable\noffer\nor\nagreement\nof\nany\ntype\nor\nnature, \nunless\nand\nuntil\na\ndefinitive\nwritten\nagreement\nis\nexecuted\nand\ndelivered\nby\neach\nof\nthe'
 'or\nboth\nbe \ndeemed\nto\ncreate,\na\nlegally\nbinding\nor\nenforceable\noffer\nor\nagreement\nof\nany\ntype\nor\nnature, \nunless\nand\nuntil\na\ndefinitive\nwritten\nagreement\nis\nexecuted\nand\ndelivered\nby\neach\nof\nthe\nparties \nhereto.\nThis\ndocument\nshall\nbe\nkept']",['Discussions will not be deemed to create a legally binding offer or agreement unless and until a definitive written agreement is executed and delivered by each of the parties involved.']
What must be executed and delivered by each of the parties to create a legally binding offer or agreement of any type or nature?,A definitive written agreement.,"['or\nboth\nbe \ndeemed\nto\ncreate,\na\nlegally\nbinding\nor\nenforceable\noffer\nor\nagreement\nof\nany\ntype\nor\nnature, \nunless\nand\nuntil\na\ndefinitive\nwritten\nagreement\nis\nexecuted\nand\ndelivered\nby\neach\nof\nthe\nparties \nhereto.\nThis\ndocument\nshall\nbe\nkept\nconfidential\npursuant\nto\nthe\nterms\nof\nthe\nConfidentiality \nAgreement\nentered\ninto\nby\nthe\nparties\nand,\nif\napplicable,\nits\naffiliates\nwith\nrespect\nto\nthe\nsubject \nmatter\nhereof.]\n112923184_5'
 'Company\nis,\nor\nwill\nbe\nat\nClosing,\na\nparty \n(i)\nhave\nbeen\n(or,\nin\nthe\ncase\nof\nAncillary\nAgreements\nto\nbe\nentered\ninto\nat\nClosing,\nwill\nbe\nwhen \nexecuted\nand\ndelivered)\nduly\nexecuted\nand\ndelivered\nby\neach\nAcquired\nCompany\nthat\nis,\nor\nwill \nbe\nat\nClosing,\na\nparty\nthereto\nand\n(ii)\nis\n(or\nin\nthe\ncase\nof\nAncillary\nAgreements\nto\nbe\nentered\ninto \nat\nthe\nClosing,\nwill\nbe\nwhen\nexecuted\nand\ndelivered)\na\nlegal,\nvalid\nand\nbinding\nobligation\nof\neach\n11\nNote'
 'or\nboth\nbe \ndeemed\nto\ncreate,\na\nlegally\nbinding\nor\nenforceable\noffer\nor\nagreement\nof\nany\ntype\nor\nnature, \nunless\nand\nuntil\na\ndefinitive\nwritten\nagreement\nis\nexecuted\nand\ndelivered\nby\neach\nof\nthe\nparties \nhereto.\nThis\ndocument\nshall\nbe\nkept'
 'is\na\nparty\n(a) have \nbeen\nduly\nexecuted\nand\ndelivered\nby\nthe\nBuyer\nand\n(b) is\na\nlegal,\nvalid\nand\nbinding\nobligation\nof \nthe\nBuyer ,\nenforceable\nagainst\nthe\nBuyer\nin\naccordance\nwith\nits\nterms.\n-\n52\n-\n112923184_5']","['To create a legally binding offer or agreement of any type or nature, a definitive written agreement must be executed and delivered by each of the parties involved.']"
What is required for the document to be kept confidential?,A definitive written agreement executed and delivered by each of the parties.,"['or\nboth\nbe \ndeemed\nto\ncreate,\na\nlegally\nbinding\nor\nenforceable\noffer\nor\nagreement\nof\nany\ntype\nor\nnature, \nunless\nand\nuntil\na\ndefinitive\nwritten\nagreement\nis\nexecuted\nand\ndelivered\nby\neach\nof\nthe\nparties \nhereto.\nThis\ndocument\nshall\nbe\nkept\nconfidential\npursuant\nto\nthe\nterms\nof\nthe\nConfidentiality \nAgreement\nentered\ninto\nby\nthe\nparties\nand,\nif\napplicable,\nits\naffiliates\nwith\nrespect\nto\nthe\nsubject \nmatter\nhereof.]\n112923184_5'
 '[R&G\nDraft\n12.__.2021]\nSTOCK\nPURCHASE\nAGREEMENT\nBY\nAND\nAMONG\n[BUYER],\n[TARGET\nCOMP ANY],\nTHE\nSELLERS\nLISTED\nON\nSCHEDULE\nI\nHERET O\nAND\nTHE\nSELLERS’\nREPRESENT ATIVE\nNAMED\nHEREIN\nDated\nas\nof\n[●]\n[This\ndocument\nis\nintended\nsolely\nto\nfacilitate\ndiscussions\namong\nthe\nparties\nidentified\nherein. \nNeither\nthis\ndocument\nnor\nsuch\ndiscussions\nare\nintended\nto\ncreate,\nnor\nwill\neither\nor\nboth\nbe \ndeemed\nto\ncreate,\na\nlegally\nbinding\nor\nenforceable\noffer\nor'
 'of\nthe\nparties \nhereto.\nThis\ndocument\nshall\nbe\nkept\nconfidential\npursuant\nto\nthe\nterms\nof\nthe\nConfidentiality \nAgreement\nentered\ninto\nby\nthe\nparties\nand,\nif\napplicable,\nits\naffiliates\nwith\nrespect\nto\nthe\nsubject \nmatter\nhereof.]\n112923184_5'
 '3.11(g)\n,\nhave\nrequired\nall\ncurrent\nand\nformer\nemployees,\ncontractors,\nofficers\nand\nother\nPersons \nwith\naccess\nto\nan\nAcquired\nCompany’ s\nconfidential\ninformation\nto\nexecute\nContractual \nObligations\nrequiring\nthem\nto\nmaintain\nthe\nconfidentiality\nof'
 'be\nunder\nan\nobligation\nof\nconfidentiality \nwith\nrespect\nto\nsuch\ninformation;\nprovided\n,\nfurther\n,\nthat\nthe\nprovisions\nof\nthis\nSection\n6.05(a) \nwill\nnot\nprohibit\nany\nretention\nof\ncopies\nof\nrecords\nor\ndisclosure\n(A) required\nby\nany\napplicable \nLegal']","['For the document to be kept confidential, a definitive written agreement must be executed and delivered by each of the parties involved. This is in accordance with the terms of the Confidentiality Agreement that has been entered into.']"
